{"distinct": [[{"description": "quickbooks customer manager 2.5 is the easiest way to provide your customers with great service. it consolidates key customer information from applications such as quickbooks microsoft outlook and outlook express in one place and on one screen. all the information you need to service your customers is now at your fingertips. consolidate all your key customer information from quickbooks microsoft outlook and outlook express in one place. view larger. view product demo (requires flash). summarize all the key customer information you need in one place. view larger. share appointments with microsoft outlook calendar. view larger. link files e-mails pictures or almost anything that relates to a customer or project. view larger. easily send personalized communications to a few or a few hundred customers. view larger. consolidate key customer information with quickbooks customer manager 2.5 all the information you need to keep close tabs on your customers are at your fingertips. whether it's the name and contact information you keep in outlook or outlook express the appointments you track in outlook or the financials such as invoices and balances that you track through quickbooks it can all be merged into one easy-to-access location. and with advance customization features customer manager lets you determine the exact information you want synchronized. in other words it's you're in complete control. to view a particular customer's quickbooks financials you can click on any quickbooks item in the recent history pane to jump to quickbooks to see the actual transaction whether it's an invoice payment record purchase order or check. you can also link directly to your customer's quickbooks quickreport. if you use outlook to manage your calendar simple click new appointment and customer manager will launch outlook and open an appointment window. you can then create an appointment that will appear in both outlook and customer manager. (if you don't use outlook you can use the calendar built-in to customer manager to keep track of your appointments. it's easy-to-use and looks similar to a spiral-bound calendar you may keep on your desk.) and finally the name record screen is the nerve center of customer manager and summarizes all the key customer information you need in one place. you can see details such as phone numbers files projects appointments and financial transactions -- all at one quick glance. you can access them in one click. among the many panes and action buttons that customer manager offers are customer profile which includes the customer address phone numbers contacts e-mail address web site and more; recent history which shows a chronological history of communications appointments quickbooks financial transactions and related notes and documents; and notes which allows you to enter details of phone calls and general notes such as directions to the customer's office while you're talking with the customer on the phone and much more. you can even link files e-mails pictures --just about anything that relates to a customer or project -- into one place regardless of which application it came from. so you can quickly view appointments and e-mails with attachments intact as well as letters faxes logos artwork pdf files spreadsheets and more. it's easy to drag multiple e-mails at one time and enter to-do reminders and notes from a phone call or project and schedule events right in customer manager. thousands of details one screen an advanced project record feature lets you stay on top of everything related to a project on a single screen. you can use this feature to track all the details related to a project including contacts suppliers vendors and files such as spreadsheets images or project plans as well as set pop-up alerts to remind you of important tasks and appointments ensuring that nothing slips through the cracks. but even with all these consolidation features customer manager still lets you keep in close personal touch with your customers. with it you can easily send personalized messages to a few or a few hundred customers. with merge features that let you create microsoft word letter templates you can use your customer information to create letters and labels for quick cost-effective mailings to any number of your customers. easy to set-up and use if you're familiar with quickbooks financial software learning how to use customer manager will be a breeze because it looks and works just like your financial software. the desktop looks like a browser and you navigate with one click on the icons toolbars and links. in fact even if you are not familiar with quickbooks if you're like most people you can install the software and run through the easy-to-navigate setup and be up and running in about 30 minutes. it's the best steps you'll take to keep your customers and their valuable information in close track.", "title": "quickbooks customer manager 2.5", "price": "79.95", "source": "amazon", "id": "b000hbysf0", "manufacturer": "intuit"}, {"description": "are you a serious road warrior looking for the ultimate atlas for your computer or handheld? look no further than delorme street atlas usa 2007 the most comprehensive mapping program you'll find anywhere. easy setup with laptops pdas and smart phones with the ability to send full mapping routing and gps voice navigation capabilities to pdas (with full pocket pc and palm os support) smart phones running palm os and windows mobile 5.0 and even intel-macs running boot camp for windows xp delorme street atlas usa is the one of the most versatile mapping programs available. plan your trip just the way you want with on-screen guideposts that guide you through your journey. delorme street atlas usa 2007 makes it easy. view larger. define areas such as large urban centers to avoid during rush hour. the software automatically routes you around avoided areas.view larger. the mapshare feature of street atlas usa makes personalizing and sharing maps and directions easier than ever. view larger. quickly find important points of interest along your route including retail stores. view larger. you can even send static maps or aerial images to ipods and other digital audio and video players. ideal for urban walking environments this feature will let you scroll through your maps on your ipod (and other digital audio and video players) just as you would with photos. for pcs you have the option of either running the program directly off of the dvd or saving it to your hard drive. delorme street atlas usa 2007 is also compatible with the earthmate gps lt-20 and earthmate gps blue logger. over 3.4 million road updates with delorme street atlas usa you can plan your trips with ease and navigate worry-free with up-to-date feature-rich mapping software. get updated street-level detail for u.s. and canada with more than 133 000 new roads and 3.4 million road updates plus four million places of interest. the software also includes over 14 million canadian residential and business phone listings. and just as with earlier versions street atlas usa 2007 gives you the option of adding to the data base by including the local routable roads that you discover on your travels. a new netlink feature makes it easier to communicate data revisions to delorme mapmaking staff who reply with confirmation emails when changes are made. with four million updated places of interest in both the united states and canada including hotels restaurants gas and more you'll always know where the closest service center is. the software even includes service listings with phone numbers for major chains. map controls and search capabilities the maps can be controlled using a variety of methods including the traditional push-button zooming which drills in and out while keeping the map exactly centered. also holding down the left mouse button enables you to drag and zoom left-to-right across the map; moving the mouse in the same manner but in the opposite direction lets you zooms out. delorme employs several powerful search capabilities within the software. the first is a simple box called quicksearch in which you type common requests including towns cities zip codes colleges and so on to receive the quickest possible matches. also featured with the 2007 version is new built-in intelligence that overrules common typing errors to help return good matches. for instance double commas ( ) periods instead of commas and spaces do not prevent a good match from being offered. map drawing and voice options with delorme street atlas usa you can add map notes; draw your own circles polygons and squares; measure the area of your draw objects; and even draw in your own roads and route on them. when you right-click on a map you can drill into the area's details such as latitude/longitude names of streets and bodies of water and even local radio station information. the voice tab of the software is where you train the software to recognize your voice for issuing routing and gps commands while tracking. you ask common questions such as how far to my next turn? and the software will answer. the software also reads upcoming turn information including the time to turn time to finish and name of the street to turn onto. new voice settings allow you to select how far in advance of your turn you'd like to be prompted. the voice function can also be turned off if you prefer. add local roads to street atlas routing a delorme exclusive this feature lets you update local roads when new developments are planned or added between delorme software releases. this tool is located within the draw tab and lets you draw in the road segment connecting it to another local road within the database. assign a name save it and when you create automatic routes the software is smart enough to include these new local roads in the routing calculations and also update the directions. you also have the ability to create and save commonly-used names for places you visit often such as home work or dad's. once these names are assigned the routing starts stops and finishes also display these names making retrieval easy for repeated usage. up to 200 names from your address book can be recognized using this system. printing and sharing you can print crisp color or black-and-white maps that you control to best match what is seen on screen. you can also print travel packages containing strip maps and directions to bring on your trip. you don't want to use a lot of ink and paper? then print just the turn details which show thumbnail maps of each of the decision points along your route.", "title": "street atlas usa 2007 plus dvd", "price": "59.95", "source": "amazon", "id": "b000gpsz42", "manufacturer": "delorme"}], [{"description": "middle school advantage 2008 delivers award-winning content that supplements what your child learns in class. in-depth lessons with sample problems and questions teach reinforce and track student progress in the core subjects. it was specially developed to supplement classroom curriculum by including award-winning content that support state standards.", "title": "middle school advantage 2008", "price": "39.99", "source": "amazon", "id": "b000o3bj3k", "manufacturer": "encore"}, {"description": "catch the bus subway or ferry to travel the city and tackle fun math challenges in the stores of spectacle city. build addition subtraction geometry and problem solving skills while constructing a skyscraper sorting toys at the toy store ...", "title": "math missions: the race to spectacle city arcade (grades k-2)", "price": "8.49", "source": "google", "id": "http://www.google.com/base/feeds/snippets/13704505045182265069", "manufacturer": ""}], [{"description": "premiere elements brings your home videos to life and helps you create and share them quickly and easily with friends and family. burn your footage to dvd in two simple steps or try the new sceneline to rearrange clips and add effects and enhancements with drag-and-drop simplicity. you can now download clips from some nokia mobile phones. and with support for major device formats you can share your movies on the web and virtually anywhere else. wow your audience with hundreds of eye-catching effects and transitions that are easy to apply with drag-and-drop simplicity. move footage from camera to dvd in two simple steps or drop it into the sceneline where you can easily rearrange clips and add effects with drag-and-drop simplicity. for more control use the timeline view which offers more editing options. view larger. edit and preview your movie in one convenient place& 151;the monitor window& 151;where you can split and trim clips add effects and more. view larger. easily create home videos and dvds premiere elements makes it easy to import video audio and still images from virtually any media device including dv and dvd camcorders hdv devices web digital still and mobile phone cameras unprotected dvds mpeg-4 video recorders windows media center and video clips from selected mobile phones. there is also native hdv support so you can achieve richer results by capturing and editing hdv footage in its native format. premiere elements gives you control of your video footage whether you want to burn it right to a dvd or spend time editing and adding creative elements. if you want to simply create dvds you can go from camcorder to disc in just a few clicks. or take advantage of the powerful video-editing tools that allow you to transform and personalize your video creation. for quick editing the sceneline view lets you assemble your video by drag and drop rearranging thumbnails of your clips and adding transitions and effects. for more precise control the timeline view offers premier elements' most advanced features. do all your editing in one convenient place: easily trim and split clips drag and drop effects and transitions add text and narration and more right in the monitor window. you can even create your own time-lapse movies claymations and other still-frame animations with the stop-motion video capture features. rock-solid performance and quality are included in all of adobe's premier software. for example you can view edits in real time as you make them by previewing your movie full-screen with just the click of a button. you can also feel free to experiment: with auto save multiple undos and the history panel you can always go back to a previous version. the soundtrack for your video can be rich and full with the quality of dolby digital stereo. and since video editing can take up a lot of processor speed and memory premier is optimized to support multiple processors and advanced multi-threading and hyper-threading technology on the latest pentium and centrino duo-based windows xp systems. wow your audience with amazing effects even if you're new to video editing you can raise the production value of your video by adding special effects. with narration features your video will tell the story in your own voice; simply add narration to your video as you edit. for adding titles or other text to your video adobe provides world-class fonts that are designed to look great on video. and adding text is easy since you can now type text right on screen then add a cool shadow glow or other effect to make it unique. if you want to make your video more dynamic you can add moving text and graphics. adding tv-style effects is simple& 151;just drag and drop one of the hundreds of amazing special effects you can customize and reuse. also choose from hundreds of eye-catching transitions to creatively move from one scene to the next. to apply a transition just drag and drop to apply effects such as dissolves fades and wipes. or you can create your own transition style. music can be an important part of your video so premier elements lets you add your music files and then edit your video to match the beat. for crediting your cast and crew choose from more than 100 professionally-designed templates. share your videos anywhere since videos are made to be seen premier elements includes powerful tools for outputting your movie. while creating a professional-quality dvd you can design unique dvd menus using your own video photos audio and text. or save time with automatic scene indexes or chapters that link to your video clips. create and watch your video in traditional tv (4:3.0) or widescreen (16:9) format in ntsc or pal standard for a worldwide audience. give your audience high-quality sound by automatically converting audio to industry-standard dolby digital stereo allowing you to burn more video onto a single disc without sacrificing sound quality. before you burn make sure your movie is just as you envisioned it by watching a full-screen preview on your computer or tv. then burn your finished movie to a single- or dual-layer dvd. for sharing on portable devices export a movie in the mpeg-4 format. mpeg-4 files can then be viewed on virtually any portable device& 151;including the video ipod and sony playstation portable. supported formats premiere elements 3.0 import/export formats supported include: 3gp asf (import only) avi dolby digital stereo dv dvd h.264 jpeg jvc everio mod (import only) mpeg-1 mpeg-2 mpeg-4 png (import only) psd (import only) quicktime wav windows media wma (import only)", "title": "adobe premiere elements 3.0", "price": "99.99", "source": "amazon", "id": "b000hlt4y0", "manufacturer": "adobe"}, {"description": "premiere elements 3 and photoshop elements 5 software for windows the premiere elements 3 and photoshop elements 5 software for windows from adobe is a bundle of the popular home video editing and photo editing software packages from adobe. premiere ...", "title": "adobe premiere elements 3 and photoshop elements 5 software for windows consumer video editing software", "price": "149.95", "source": "google", "id": "http://www.google.com/base/feeds/snippets/4835538995422992772", "manufacturer": ""}], [{"description": "our bestselling premium home design software with professional yet easy-to-use features!", "title": "punch software 17100 punch! super home suite", "price": "45.99", "source": "google", "id": "http://www.google.com/base/feeds/snippets/16696977577840370909", "manufacturer": "punch software"}, {"description": "our bestselling premium home design software with professional yet easy-to-use features! punch! super home suite - 7 powerful programs in one that launch from the same interface! punch super suite includes: 3d home design 3d landscaping estimating ...", "title": "punch software 38100 punch! super home suite (small box)", "price": "45.99", "source": "google", "id": "http://www.google.com/base/feeds/snippets/17694493073700371269", "manufacturer": "punch software"}], [{"description": "you are the doctor! emergency room code red legacy's latest interactive medical game combines the best of television drama and realistic gameplay in an unprecedented cd-rom experience. with all new cases and storylines emergency room code red extends the popular emergency room series and thought-provoking gameplay. as an er doctor in a community rife with riots and chaos you'll confront dramatic emergency cases use realistic medical tools and procedures and witness photo-realistic injuries. every decision is critical. emergency room code red is perfect for anyone with or without medical training who wants to know what it's really like to be a doctor. time triggers increase the pressure to perform critical procedures fast - after all this is an emergency room", "title": "er", "price": "19.99", "source": "amazon", "id": "b0002yitti", "manufacturer": "vivendi universal"}, {"description": "note: this is the upgrade version of adobe flash cs3 professional. adobe flash cs3 professional upgrade software is the most advanced authoring environment for creating rich interactive content for digital web and mobile platforms. create interactive websites rich media advertisements instructional media presentations games and more. depend on flash cs3 and adobe flash player to ensure your content reaches the widest possible audience. create rich interactive content for digital web and mobile platforms. the flash welcome screen gives you quick access to recent documents and also helps you get started with creating new files& 151;either from scratch or from existing samples or templates. no more running back to photoshop to make simple text edits. enjoy creative flexibility realize your creative vision with a full complement of drawing animation and interactive design tools. explore innovative styles and techniques impress your clients with more than they expected and deliver consistent results across multiple platforms. with flash cs3 professional the possibilities extend as far as your imagination. maximize development productivity leverage the power of a true development environment. utilize professional coding tools including code collapse commenting automatic syntax completion streamlined error resolution and more. the new actionscript 3.0 language supports a structured and intuitive workflow that saves time and facilitates exchange between designers and developers enabling individuals and teams to deliver predictable consistent results that meet or exceed the original vision. easily work with other adobe software now your favorite tools will play well together. enjoy timesaving integration with other adobe creative software including adobe premiere pro photoshop illustrator flex builder 2 after effects and soundbooth as well as adobe bridge the central hub of adobe creative suite 3. easily exchange designs assets and files between applications without compromising fidelity. extend your reach extend the reach of your work by creating content for adobe flash player the world's most pervasive software platform. flash player is installed on more than 700 million computers and devices worldwide including over 96% of internet-enabled desktops. by creating content with flash cs3 you can leverage your work not only to the internet but also to a wide range of mobile and consumer electronics devices. create content once and then deploy it to multiple platforms. audience benefit web and interactive content designers--adobe flash cs3 professional software offers a flexible advanced authoring environment for creating unique online experiences with the latest in technical innovations such as interactive video and high standards of usability and accessibility. flash cs3 makes it easy to design interactive experiences that convey your true creative vision and impress your clients. enjoy intelligent integration with other adobe creative software. instructional media designers--adobe flash cs3 professional software offers an intuitive flexible authoring environment for creating instructional media content that is easy to deploy to the widest possible audience via web and mobile devices. the advantages of flash cs3 include the ability to integrate audio and video seamless integration with related adobe software and optional integration with education tracking systems. graphic designers--adobe flash cs3 professional software enables experienced graphic designers to expand their creative repertoire to include interactive design without compromising efficiency or disrupting existing processes and workflows. use flash cs3 to build projects that impress clients with truly unique interactive engaging content that better enables them to meet their marketing or business goals. student designers--adobe flash cs3 professional software offers nearly limitless opportunity to student designers and developers who are interested in building careers using interactive design technology. flash cs3 integrates with and supports a broad spectrum of emerging technologies including ajax 3d animation online video and open source development. each day more and more creative professionals make flash cs3 their primary tool for building a creative reputation and advancing their career. video and motion graphics professionals--adobe flash cs3 professional software dramatically expands the creative options for video and motion graphics professionals without compromising efficiency or disrupting existing processes. create innovative videos films and animations with compelling creative and interactive effects and leverage them across media including broadcast tape web and mobile devices. leverage the advantages of flash player including small content file size; broad distribution; and rapid automatic updates. top reasons to buy adobe flash cs3 produce content for a wide range of mobile and consumer electronics devices. the emulator in adobe device central gives you a spectacular preview for how your content will appear on a mobile device. adobe photoshop and adobe illustrator import import photoshop (psd) and illustrator (ai) files while preserving layers and structure and then edit them in flash cs3. optimize and customize the files during import with advanced options. frame-based timeline quickly add motion to your creations with the easy-to-use highly controllable frame-based timeline inspired by traditional animation principles such as keyframing and tweening. shape primitives easily create pie wedges round off rectangle corners define an inner circle radius and do much more. visually adjust shape properties on the stage. and create custom shapes with the included javascript api. actionscript 3.0 development save time with the new actionscript 3.0 language featuring improved performance increased flexibility and more intuitive and structured development. the import video dialog box takes you through the necessary steps to encode and prepare the video for use in your flash project. flash video encoder is a separate standalone application that can save time by batch processing the encoding of video files for the necessary conversion to flv format. sophisticated video tools create edit and deploy streaming and progressive download flash video with comprehensive video support. ensure the best video experience with a standalone video encoder alpha channel support a high-quality video codec embedded cue points video import support quicktime import closed captioning and much more. mp3 audio support integrate audio into your projects by importing mp3 files. integration with adobe soundbooth makes it easy to edit files as needed without requiring audio production experience. rich drawing capabilities visually adjust shape properties on the stage with smart shape drawing tools create precise vector illustrations with the new pen tool inspired by adobe illustrator paste illustrations from illustrator cs3 into flash cs3 and more. extensible architecture leverage the flash application programming interfaces (apis) to easily develop extensions that add custom functionality. convert animation to actionscript instantly convert timeline animations into actionscript 3.0 code that can be easily edited reused and leveraged by developers. copy animations from one object to another. adobe device central design preview and test mobile device content including interactive adobe flash lite applications and interfaces using adobe device central now integrated throughout adobe creative suite 3. additional features powerful shape drawing manipulate vector shapes with powerful shape drawing tools. easily bend erase distort skew and combine vector shapes in a natural and intuitive way. skinnable video component use the video component to easily customize the look and feel of video projects without significantly increasing file size. the component works with multiple deployment options including streaming and progressive download. improved adobe software integration enjoy a smoother and more efficient workflow enabled by integration between adobe flash cs3 and related software including adobe premiere pro photoshop illustrator after effects and soundbooth as well as adobe bridge the central hub of adobe creative suite 3. pen tool create precise vector illustrations with the pen tool inspired by adobe illustrator and then manipulate bezier control points using illustrator keyboard shortcuts. adobe interface enjoy a new streamlined interface that emphasizes consistency with other adobe creative suite 3 applications and can be customized to improve workflow and maximize stage space.", "title": "adobe flash pro cs3 upgrade [mac]", "price": "199", "source": "amazon", "id": "b000ndicqi", "manufacturer": "adobe"}], [{"description": "nero 7 ultra edition enhanced provides you with over 20 applications in one solution to complete all your digital media tasks on your pc and on your tv. the enhanced version now includes exciting new features to access your media files throughout your connected digital home share files with family and friends or take them with you on the go.audio rip audio cds and create music mixes for your mp3s amazing sound quality with aac & high efficiency aac (mpeg-4) convert favorite lps and tapes to cds without pops and cracks create custom playlists by artist genre and title mix and edit your music like a dj with multiple audio tracks up to 7.1 recording editing and mixing for hq mastering convert your audio files to your preferred format to take on the go record edit remix and remaster your music like the professionals do add audio effects to any track photos and video easily capture video from digital cameras camcorders video capture/tv tunercards and other devices enhanced support for hdv cameras easy creation of cd and dvd movie discs: support for all common formats such asvcd svcd mini-dvd dvd-video dvdvr create hollywood-style dvds with 2d and animated 3d menu templates backup dvd9 to dvd5: add new content chapters & keep subtitles support for all popular media formats including nero digital& 153; (mpeg-4) compress to fit mobile pdas home theater and hdtv standards capture edit and export high-definition (hd) video files", "title": "nero 7 ultra edition enhanced", "price": "99.99", "source": "amazon", "id": "b000i4rmfe", "manufacturer": "nero inc."}, {"description": "", "title": "nero 8 ultra edition", "price": "99.95", "source": "amazon", "id": "b000v9yxj4", "manufacturer": "nero inc."}], [{"description": "take your playing to the next level as tomo fujita shares his proven method for improving the essential skills required to play with other musicians and to freely express yourself on the guitar. this dvd includes easy-to-understand exercises and ...", "title": "tomo fujita berklee press rittor music and hal leonard accelerate your guitar playing - exercises and tips to make you better - faster", "price": "18.5", "source": "google", "id": "http://www.google.com/base/feeds/snippets/16761212087603297257", "manufacturer": ""}, {"description": "if you enjoy 'sudoku' then you will go crazy for 'buku kakuro'! generate millions of logic games with the click of your mouse and decipher puzzles that vary in size and complexity. use the 'hint' function to display possible moves 'undo' to backtrack as needed and 'solve' to display answers one by one until the game is complete. a 'pen & pencil' option even lets you distinguish unsure versus certain moves! themes include tastes of the orient exotic shores and serene vista. create and solve any kakuro puzzle -- even those found online and in newspapers! you can even save and print any kakuro.", "title": "buku karkuro", "price": "19.99", "source": "amazon", "id": "b000qv5xqy", "manufacturer": "topware interactive"}], [{"description": "face regis philbin and 15 challenging sports questions on the way to a virtual 1000000 dollar prize. you're in the hot seat with all the tension of the millionaire tv show!", "title": "who wants to be a millionaire sports edition", "price": "8.95", "source": "google", "id": "http://www.google.com/base/feeds/snippets/9680039907704769193", "manufacturer": ""}, {"description": "who wants to be a millionaire? brings back the popular game show for a new challenge! let regis philbin test your general knowledge and see if the lifelines help when you're stumped. thousands of questions are waiting for you -- can you answer them all and prove you want to be a millionaire?", "title": "who wants to be a millionaire?", "price": "9.95", "source": "amazon", "id": "b000ieaplw", "manufacturer": "encore"}], [{"description": "sonar 6 studio is designed to take you from inspiration to masterpiece faster than ever before. at every step of your production -- from composing with virtual instruments to recording mixing and beyond -- sonar gives you the professional tools and inspiring canvas that adapt to your unique style of music creation. at last project studios and musicians on a budget don't have to sacrifice features for affordability because sonar 6 studio edition is built upon the same core feature set and pristine 64-bit double precision engine as sonar 6 producer edition. fast forward your music production today with the unmatched music creation tools and sonic clarity of sonar 6. analyst spectrum analyzer read/write controls for tracks and plug-ins enable automation during playback and record & visual automation cues clip editing enhancements including lock to time fast zoom enables fast precise edits without losing your place mouse wheel support for parameter control and zoom crash recovery safeguards your projects against faulty plug-ins and other sources of crashes score video with video thumbnail track in track view back up projects with time/date stamps for easy access to old versions make your own user interface - put favorite features right at your fingertips user-customizable plug-in menus for easy organization and grouping friendly driver naming -- user-customizable audio hardware port names custom color schemes with saturation hue and brightness controls and color categories for easy customization", "title": "cakewalk sonar 6 studio", "price": "369", "source": "amazon", "id": "b000iwarqw", "manufacturer": "cakewalk"}, {"description": "sonar 5 studio edition - multi-track audio/midi recorder/editor software for windows xp sonar 5 studio edition is digital multi-track recording system with a 64-bit audio engine and the ability to use multiple sample rates. its multiple features are ...", "title": "cakewalk sonar 5 studio edition music production software", "price": "229.95", "source": "google", "id": "http://www.google.com/base/feeds/snippets/2898916414372959165", "manufacturer": ""}], [{"description": "cuteftp is an easy way to transfer files between your pc and remote computers. whether publishing a web page downloading the latest digital images music and software or transferring large files between your home and office cuteftp will get the job done. cuteftp's user-friendly interface conforms to microsoft windows xp and runs on microsoft's latest operating system. cuteftp streamlines your ftp transfers with faster startups quicker connections to ftp servers and improved site navigation logic.", "title": "cute ftp", "price": "39.99", "source": "amazon", "id": "b00009m8ur", "manufacturer": "tri synergy"}, {"description": "the world's favorite ftp client!used by millions worldwide cuteftp(r) is the easiest way to transfer files between your pc and remote computers. whether publishing a web page downloading the latest digital images music and software or ...", "title": "cute ftp (win 95 98 me nt 2000 xp)", "price": "39.99", "source": "google", "id": "http://www.google.com/base/feeds/snippets/13743628234242373469", "manufacturer": ""}], [{"description": "encore software 12360 : elementary school advantage? 2008 delivers the most award-winning content aligned with classroom curriculum. get the best results with over 1000 lessons and exercises in the core subjects. system requirements: windows 2000 ...", "title": "encore software 12360 - elementary advantage 2008 - win 2000 xp vista", "price": "34.97", "source": "google", "id": "http://www.google.com/base/feeds/snippets/5609692463569230619", "manufacturer": ""}, {"description": "encore software 12370 : middle school advantage 2008 delivers the most award-winning content aligned with classroom curriculum. get the best results with over 3000 lessons and exercises in the core subjects. system requirements: windows 2000 sp4/xp ...", "title": "encore software 12370 - middle school advantage 2008 - win 2000 xp vista", "price": "34.97", "source": "google", "id": "http://www.google.com/base/feeds/snippets/12942134175594025487", "manufacturer": ""}], [{"description": "adobe creative suite 3 design standard software is the indispensable toolkit for professional design and print production. it combines all-new versions of essential tools for page layout image editing illustration and adobe pdf workflows in a tightly integrated creative environment. with design standard you can express and print your ideas faster and more easily than ever before. design and print graphically rich materials such as magazine spreads with the tightly integrated productive tools in adobe creative suite 3 design standard. master deadlines in design and print production adobe creative suite 3 design standard software is the indispensable toolkit for professional design and print production offering all-new versions of essential tools for page layout image editing illustration and adobe pdf workflows. design with essential tools take your designs from concept to completion with adobe creative suite 3 design standard which helps you create and print your best work. from sketching concepts to finessing production details you can create beautiful sophisticated designs with creative suite design standard. take advantage of new creative effects and finer transparency controls in adobe indesign software; explore apply and control color variations using the new live color environment in adobe illustrator software; and apply new nondestructive smart filters in adobe photoshop software. design standard helps you express your best ideas more easily and efficiently than ever before. keep your ideas flowing adobe creative suite 3 design standard lets you slip into the creative zone and stay there by offering tight integration and shared productivity features that enable you to move fluidly between tasks. easily share assets among components--double-click an asset in an indesign layout to quickly open it in photoshop or illustrator for example or use smart objects to nondestructively edit illustrator artwork in photoshop. visually manage assets in adobe bridge manage workgroup files with adobe version cue and shop for royalty-free images using adobe stock photos--all from within design standard. print with confidence enjoy rock-solid streamlined print production using creative suite 3 design standard. generate predictable printed output with features such as synchronized color settings and shared pdf presets. help minimize errors by using output previews before you print and exert fine control over output using consistent comprehensive professional printing options. streamline prepress using adobe acrobat software to preflight and correct adobe pdf files and to automate workflows with jdf. with design standard you can reliably print beautiful content with the utmost efficiency. adobe photoshop cs3 for unrivaled image editing adobe illustrator cs3 for inspired vector graphics creation adobe indesign cs3 for professional page layout adobe acrobat 8 professional for efficient adobe pdf workflows audience benefit design professionals--express your ideas in print using adobe creative suite 3 design standard software the graphic designer's indispensable toolkit for professional design and print production. creative suite 3 design standard offers a tightly integrated unified creative environment that combines essential tools for professional page layout image editing illustration and adobe pdf workflows with visual asset management workgroup file management and other shared productivity features. with design standard you can remove technical distractions and find your creative flow producing and printing beautiful content faster and more easily than ever before. print professionals--adobe creative suite 3 design standard software is adobe's high-quality creation and production environment for reliable print layout and output. it combines full new versions of adobe's leading design and print production tools--adobe indesign cs3 photoshop cs3 illustrator cs3 and acrobat 8 professional--with integrated productivity features all in a unified creative environment. design standard gives you and your customers streamlined controls for more consistent color and press-ready adobe pdf files including support for new pdf/x-4 (draft) and pdf/a industry standards in acrobat 8 professional as well as preflighting with automated file correction and support for jdf automation. creative suite 3 design standard helps you realize smooth production processes and reliable final output. it professionals--adobe creative suite 3 design standard software enables creative teams to realize their ideas more quickly and efficiently than ever before. built on industry standards to provide long-term compatibility design standard can be deployed easily across networks is extensible and scriptable and can be tailored to meet a variety of specialized publishing needs. design standard combines full new versions of adobe's essential design and print production tools--adobe indesign cs3 photoshop cs3 illustrator cs3 and acrobat 8 professional--with integrated productivity features for creative workgroups. offering a single installer and serial number for easy installation and backed by the quality and reliability adobe is known for creative suite 3 design standard meets the design and print production needs of your creative team. visually manage assets in adobe bridge test mobile designs in adobe device central coordinate with team members using adobe version cue host real-time web-based meetings with adobe acrobat connect top new benefits of adobe creative suite 3 design standard all-new versions of essential creative tools experience a highly productive creative toolkit with adobe indesign cs3 for professional page layout adobe photoshop cs3 for unrivaled image editing adobe illustrator cs3 for inspired vector graphics creation and adobe acrobat 8 professional for efficient adobe pdf workflows. unified design environment work efficiently in an interface that's common across many components of design standard. new self-adjusting panels dock conveniently out of your way when not in use and pop out when you need them. maximize screen mode keeps panels from overlapping the document window. support for the latest mac and windows systems get the most out of design standard on intel based mac systems and microsoft windows vista computers. work smoothly on legacy powerpc based mac and windows xp systems as well. efficient powerful page design with adobe indesign cs3 explore more creative possibilities and experience new levels of productivity using indesign cs3 which offers powerful features for creating graphically rich complex documents; professional typographic controls; and robust reliable printing. inspired vector graphics creation in adobe illustrator cs3 explore apply and control color variations using live color in illustrator cs3. select and align points and edit paths more easily than ever define crop areas interactively for print or export and enjoy improved operating performance. powerful digital imaging with adobe photoshop cs3 select image regions more intuitively apply filters nondestructively and align and blend similar images to quickly produce the best composite using photoshop cs3. pdf file creation and collaboration with adobe acrobat 8 professional create reliable final print documents using acrobat 8 professional. conduct server-based shared reviews preflight and automatically correct adobe pdf files and work in a more streamlined intuitive interface. visual media management in adobe bridge cs3 efficiently organize browse locate and preview assets with adobe bridge cs3 which offers faster performance; customizable workspaces; nondestructive batch-editing of tiff jpeg and camera raw files; direct playback of flash files; and direct access to useful services such as adobe stock photos*. real-time interactive web conferences with acrobat connect use bridge or acrobat to launch acrobat connect the web-based conferencing system for real-time interactive meetings such as design reviews. for a low monthly fee host online conferences in a meeting room that you set up once and is readily available. advanced workgroup file management with adobe version cue cs3 use version cue to manage the use of files within creative teams. track multiple versions prevent overwriting find the files you need quickly conduct browser-based adobe pdf reviews and control access to files on a project-by-project basis. additional features unprecedented integration for exceptional productivityenjoy a consistent design experience across indesign illustrator and photoshop with shared interface elements such as self-adjusting panels that dock out of your way when not in use. and use native file formats smoothly across software components to streamline design and production. powerful color and printing capabilities print photoshop composites illustrator artwork and indesign layouts with confidence thanks to robust color options consistent color settings and professional output controls for high-quality printing. exceptional native file format support open photoshop images in illustrator and illustrator artwork in photoshop and place both types of native files as well as adobe pdf files in indesign layouts. streamline your design and production processes in myriad ways using native file format support. reliable adobe pdf workflows use adobe pdf to create reliable and consistent final output streamline print productionincluding automatically fixing mistakes found during preflight and automate processes using jdf. cross-media publishing contribute your assets to cross-media workflows. hand off photoshop image comps for use in web prototyping preview illustrator artwork as it might appear on a mobile device and export indesign layouts as xhtml for use by colleagues in web page layouts. shared features and services work more efficiently using a host of shared features and services including adobe stock photos* for purchasing royalty-free images; acrobat connect* for hosting web-based interactive meetings; and version cue cs3 for workgroup file management. powerful jdf workflows automatically convert adobe indesign files to adobe pdf and preflight and validate them against the targeted output intent (including number of pages page size and more) using enhanced jdf-based workflows. streamlined print production preflight adobe pdf files in acrobat and fix problems before they get to press. automatically correct hairlines downsample image resolution flatten transparency and more. efficient and easy-to-manage deployment easily deploy design standard using a single installer and serial number and track manage and accurately allocate adobe software assets using adobe license manager. industry-standard scripting automate tasks across design standard by writing scripts in javascript applescript microsoft visual basic and extendscript. * online services including but not limited to adobe stock photos and acrobat connect may not be available in all countries languages and currencies. availability of services is subject to change. use of online services is governed by terms and conditions of a separate agreement and may be subject to additional fees. for details visit www.adobe.com. adobe creative suite 3: what's in each edition? adobe creative suite 3 editions design premium design standard web premium web standard production premium master collection adobe photoshop cs3 extended adobe photoshop cs3 adobe illustrator cs3 adobe indesign cs3 adobe acrobat 8 professional adobe flash cs3 professional adobe dreamweaver cs3 adobe contribute cs3 adobe fireworks cs3 adobe after effects cs3 professional adobe premiere pro cs3 adobe soundbooth cs3 adobe encore cs3 adobe onlocation * adobe ultra cs3 * additional features and services in adobe creative suite 3 adobe bridge cs3 adobe version cue cs3 adobe device central cs3 adobe dynamic link adobe stock photos adobe acrobat connect * adobe ultra runs on microsoft windows only. for macintosh users adobe onlocation requires bootcamp and windows (purchased separately) or a separate windows-based computer.", "title": "adobe creative suite cs3 design standard [mac]", "price": "1199", "source": "amazon", "id": "b000ndible", "manufacturer": "adobe"}, {"description": "note: this is the upgrade version of adobe creative suite 3 design standard. adobe creative suite 3 design standard upgrade software is the indispensable toolkit for professional design and print production. it combines all-new versions of essential tools for page layout image editing illustration and adobe pdf workflows in a tightly integrated creative environment. with design standard you can express and print your ideas faster and more easily than ever before. design and print graphically rich materials such as magazine spreads with the tightly integrated productive tools in adobe creative suite 3 design standard. master deadlines in design and print production adobe creative suite 3 design standard software is the indispensable toolkit for professional design and print production offering all-new versions of essential tools for page layout image editing illustration and adobe pdf workflows. design with essential tools take your designs from concept to completion with adobe creative suite 3 design standard which helps you create and print your best work. from sketching concepts to finessing production details you can create beautiful sophisticated designs with creative suite design standard. take advantage of new creative effects and finer transparency controls in adobe indesign software; explore apply and control color variations using the new live color environment in adobe illustrator software; and apply new nondestructive smart filters in adobe photoshop software. design standard helps you express your best ideas more easily and efficiently than ever before. keep your ideas flowing adobe creative suite 3 design standard lets you slip into the creative zone and stay there by offering tight integration and shared productivity features that enable you to move fluidly between tasks. easily share assets among components--double-click an asset in an indesign layout to quickly open it in photoshop or illustrator for example or use smart objects to nondestructively edit illustrator artwork in photoshop. visually manage assets in adobe bridge manage workgroup files with adobe version cue and shop for royalty-free images using adobe stock photos--all from within design standard. print with confidence enjoy rock-solid streamlined print production using creative suite 3 design standard. generate predictable printed output with features such as synchronized color settings and shared pdf presets. help minimize errors by using output previews before you print and exert fine control over output using consistent comprehensive professional printing options. streamline prepress using adobe acrobat software to preflight and correct adobe pdf files and to automate workflows with jdf. with design standard you can reliably print beautiful content with the utmost efficiency. adobe photoshop cs3 for unrivaled image editing adobe illustrator cs3 for inspired vector graphics creation adobe indesign cs3 for professional page layout adobe acrobat 8 professional for efficient adobe pdf workflows audience benefit design professionals--express your ideas in print using adobe creative suite 3 design standard software the graphic designer's indispensable toolkit for professional design and print production. creative suite 3 design standard offers a tightly integrated unified creative environment that combines essential tools for professional page layout image editing illustration and adobe pdf workflows with visual asset management workgroup file management and other shared productivity features. with design standard you can remove technical distractions and find your creative flow producing and printing beautiful content faster and more easily than ever before. print professionals--adobe creative suite 3 design standard software is adobe's high-quality creation and production environment for reliable print layout and output. it combines full new versions of adobe's leading design and print production tools--adobe indesign cs3 photoshop cs3 illustrator cs3 and acrobat 8 professional--with integrated productivity features all in a unified creative environment. design standard gives you and your customers streamlined controls for more consistent color and press-ready adobe pdf files including support for new pdf/x-4 (draft) and pdf/a industry standards in acrobat 8 professional as well as preflighting with automated file correction and support for jdf automation. creative suite 3 design standard helps you realize smooth production processes and reliable final output. it professionals--adobe creative suite 3 design standard software enables creative teams to realize their ideas more quickly and efficiently than ever before. built on industry standards to provide long-term compatibility design standard can be deployed easily across networks is extensible and scriptable and can be tailored to meet a variety of specialized publishing needs. design standard combines full new versions of adobe's essential design and print production tools--adobe indesign cs3 photoshop cs3 illustrator cs3 and acrobat 8 professional--with integrated productivity features for creative workgroups. offering a single installer and serial number for easy installation and backed by the quality and reliability adobe is known for creative suite 3 design standard meets the design and print production needs of your creative team. visually manage assets in adobe bridge test mobile designs in adobe device central coordinate with team members using adobe version cue host real-time web-based meetings with adobe acrobat connect top new benefits of adobe creative suite 3 design standard all-new versions of essential creative tools experience a highly productive creative toolkit with adobe indesign cs3 for professional page layout adobe photoshop cs3 for unrivaled image editing adobe illustrator cs3 for inspired vector graphics creation and adobe acrobat 8 professional for efficient adobe pdf workflows. unified design environment work efficiently in an interface that's common across many components of design standard. new self-adjusting panels dock conveniently out of your way when not in use and pop out when you need them. maximize screen mode keeps panels from overlapping the document window. support for the latest mac and windows systems get the most out of design standard on intel based mac systems and microsoft windows vista computers. work smoothly on legacy powerpc based mac and windows xp systems as well. efficient powerful page design with adobe indesign cs3 explore more creative possibilities and experience new levels of productivity using indesign cs3 which offers powerful features for creating graphically rich complex documents; professional typographic controls; and robust reliable printing. inspired vector graphics creation in adobe illustrator cs3 explore apply and control color variations using live color in illustrator cs3. select and align points and edit paths more easily than ever define crop areas interactively for print or export and enjoy improved operating performance. powerful digital imaging with adobe photoshop cs3 select image regions more intuitively apply filters nondestructively and align and blend similar images to quickly produce the best composite using photoshop cs3. pdf file creation and collaboration with adobe acrobat 8 professional create reliable final print documents using acrobat 8 professional. conduct server-based shared reviews preflight and automatically correct adobe pdf files and work in a more streamlined intuitive interface. visual media management in adobe bridge cs3 efficiently organize browse locate and preview assets with adobe bridge cs3 which offers faster performance; customizable workspaces; nondestructive batch-editing of tiff jpeg and camera raw files; direct playback of flash files; and direct access to useful services such as adobe stock photos*. real-time interactive web conferences with acrobat connect use bridge or acrobat to launch acrobat connect the web-based conferencing system for real-time interactive meetings such as design reviews. for a low monthly fee host online conferences in a meeting room that you set up once and is readily available. advanced workgroup file management with adobe version cue cs3 use version cue to manage the use of files within creative teams. track multiple versions prevent overwriting find the files you need quickly conduct browser-based adobe pdf reviews and control access to files on a project-by-project basis. additional features unprecedented integration for exceptional productivityenjoy a consistent design experience across indesign illustrator and photoshop with shared interface elements such as self-adjusting panels that dock out of your way when not in use. and use native file formats smoothly across software components to streamline design and production. powerful color and printing capabilities print photoshop composites illustrator artwork and indesign layouts with confidence thanks to robust color options consistent color settings and professional output controls for high-quality printing. exceptional native file format support open photoshop images in illustrator and illustrator artwork in photoshop and place both types of native files as well as adobe pdf files in indesign layouts. streamline your design and production processes in myriad ways using native file format support. reliable adobe pdf workflows use adobe pdf to create reliable and consistent final output streamline print productionincluding automatically fixing mistakes found during preflight and automate processes using jdf. cross-media publishing contribute your assets to cross-media workflows. hand off photoshop image comps for use in web prototyping preview illustrator artwork as it might appear on a mobile device and export indesign layouts as xhtml for use by colleagues in web page layouts. shared features and services work more efficiently using a host of shared features and services including adobe stock photos* for purchasing royalty-free images; acrobat connect* for hosting web-based interactive meetings; and version cue cs3 for workgroup file management. powerful jdf workflows automatically convert adobe indesign files to adobe pdf and preflight and validate them against the targeted output intent (including number of pages page size and more) using enhanced jdf-based workflows. streamlined print production preflight adobe pdf files in acrobat and fix problems before they get to press. automatically correct hairlines downsample image resolution flatten transparency and more. efficient and easy-to-manage deployment easily deploy design standard using a single installer and serial number and track manage and accurately allocate adobe software assets using adobe license manager. industry-standard scripting automate tasks across design standard by writing scripts in javascript applescript microsoft visual basic and extendscript. * online services including but not limited to adobe stock photos and acrobat connect may not be available in all countries languages and currencies. availability of services is subject to change. use of online services is governed by terms and conditions of a separate agreement and may be subject to additional fees. for details visit www.adobe.com. adobe creative suite 3: what's in each edition? adobe creative suite 3 editions design premium design standard web premium web standard production premium master collection adobe photoshop cs3 extended adobe photoshop cs3 adobe illustrator cs3 adobe indesign cs3 adobe acrobat 8 professional adobe flash cs3 professional adobe dreamweaver cs3 adobe contribute cs3 adobe fireworks cs3 adobe after effects cs3 professional adobe premiere pro cs3 adobe soundbooth cs3 adobe encore cs3 adobe onlocation * adobe ultra cs3 * additional features and services in adobe creative suite 3 adobe bridge cs3 adobe version cue cs3 adobe device central cs3 adobe dynamic link adobe stock photos adobe acrobat connect * adobe ultra runs on microsoft windows only. for macintosh users adobe onlocation requires bootcamp and windows (purchased separately) or a separate windows-based computer.", "title": "adobe creative suite cs3 design standard upgrade [mac]", "price": "399", "source": "amazon", "id": "b000o27qfq", "manufacturer": "adobe"}], [{"description": "system requirements: 1-50 clients macintosh macintosh computer with powerpc g4 or g5 processor macintosh computer with intel-based processor 256mb of ram (1 gb recommended) cd or dvd drive mac os x 10.3.9 or 10.4.5 for intel-based processors hard ...", "title": "filemaker server 8 advanced", "price": "2335", "source": "google", "id": "http://www.google.com/base/feeds/snippets/7260270402298131072", "manufacturer": ""}, {"description": "system requirements: this is an upgrade from filemaker server 7 advanced so you must have a fully licensed version 7 to purchase this product. 1-50 clients macintosh macintosh computer with powerpc g4 or g5 processor macintosh computer with ...", "title": "filemaker server 8 advanced upgrade (from server 7 advanced)", "price": "699.99", "source": "google", "id": "http://www.google.com/base/feeds/snippets/12833441979574255694", "manufacturer": ""}], [{"description": "what makes dinosaurs so interesting? click your way through the evolution of dinosaurs in an interactive timeline. comprehensive and engaging it's the one source for all ages on this captivating subject. also includes a dinosaur family tree.", "title": "encyclopedia britannica profiles: dinosaurs!", "price": "8.95", "source": "google", "id": "http://www.google.com/base/feeds/snippets/12846244427931030930", "manufacturer": ""}, {"description": "the captivating world of dinosaurs at yourfingertips product informationwhat makes dinosaurs so interesting - their huge size their exotic mystique? oris it just that we're still learning about these strange lumbering creatures asscientists make new disco", "title": "encyclopedia britannica profiles: dinosaurs (jewel case)", "price": "9.99", "source": "amazon", "id": "b00008kisz", "manufacturer": "atari"}], [{"description": "cisco systems cd372-c= : usually ships in 24 hours : : cisco ios (internetworking operating system) software is the platform that delivers network services and enables networked applications.", "title": "cd372-c= cisco ios ip - complete package - cd", "price": "218.41", "source": "google", "id": "http://www.google.com/base/feeds/snippets/13080088348166066939", "manufacturer": ""}, {"description": "cisco systems cd374-ch= : usually ships in 24 hours : : cisco ios (internetworking operating system) software is the platform that delivers network services and enables networked applications.", "title": "cd374-ch= cisco ios ip/fw/ids - complete package - cd", "price": "1072.9", "source": "google", "id": "http://www.google.com/base/feeds/snippets/13439746380265075368", "manufacturer": ""}], [{"description": "with family tree maker version 16 (deluxe edition) you can access more than 5 billion records through ancestry.com as you research your family's history. the best-selling genealogy program for the past 15 years family tree maker lets you access some of the world's largest online data based including the u.s. records collection naturalization records immigration records and much more. simply enter as much personal information about your family that you know. build a family book from scratch. view just your own family or browse up to seven generations at once. find out which version of family tree maker is right for you. with family tree maker you can create a family tree is four easy steps. first you start building the tree with the information that you know. then you search through billions of records and names to add to your information. as you build your family history you can then design personal keepsakes and projects with pre-designed templates that you can then share your family tree with friends and relatives. with this latest version of family tree maker you'll be able to create a family tree more easily than ever before. featuring streamlined data entry and useful research tips family tree maker practically does your work for you. customizable search criteria and improved source management make the gathering of your family data easy as it gets. the software lets you easily import historical documents and also allows for web collaboration so you can work with other members in your family to complete your tree. as an added exclusive feature this deluxe edition of family tree maker includes $200 of bonus material. in addition to a nine-month subscription to ancestry.com (a $100 value) you get an introductory genealogy consultation (a $30 value) an official training dvd (a $15 value) a family tree workbook in pdf format (a $20 value) and standard ancestry reference library software that's worth $50.", "title": "family tree maker version 16 deluxe", "price": "69.95", "source": "amazon", "id": "b000h20hu4", "manufacturer": "encore"}, {"description": "with family tree maker version 16 collector's edition you'll have the world's most popular resource for creating your family tree. in just a few steps you'll get the information you need to organize and design your family tree. import photos and documents to professionally designed templates to create a unique keepsake -- then share your findings with family and friends.", "title": "family tree maker version 16 collectors edition sb cs", "price": "99.99", "source": "amazon", "id": "b000hed3fs", "manufacturer": "encore software"}], [{"description": "quickbooks pro 2007 for windows.", "title": "quickbooks pro 2007 win", "price": "192.26", "source": "google", "id": "http://www.google.com/base/feeds/snippets/9655190978391337484", "manufacturer": ""}, {"description": "quickbooks pro 2007 3-user for windows", "title": "quickbooks pro 2007 3 user", "price": "409.52", "source": "google", "id": "http://www.google.com/base/feeds/snippets/9601387615256849146", "manufacturer": ""}]], "match": [[{"description": "produce music with thousands of loops and effects! soundtrack brings the art of music composing to everyone. with minimal cost and effort you can produce custom music to your video dvd or web project. you wont need to license a song or hire a ...", "title": "apple software m9301z/b soundtrack v1.2", "price": "199", "source": "google", "id": "http://www.google.com/base/feeds/snippets/4081985616275580076", "manufacturer": "apple software"}, {"description": "produce music with thousands of loops and effects! soundtrack brings the art of music composing to everyone. with minimal cost and effort you can produce custom music to your video dvd or web project. you wont need to license a song or hire a ...", "title": "apple software m9301z/b soundtrack v1.2", "price": "199", "source": "google", "id": "http://www.google.com/base/feeds/snippets/16537637847870148950", "manufacturer": "apple software"}], [{"description": "typing quick & easy 15.0 qne-t15 individual software", "title": "individual software qne-t15 typing quick & easy 15.0", "price": "24.99", "source": "google", "id": "http://www.google.com/base/feeds/snippets/2092252443843627805", "manufacturer": "individual software"}, {"description": "typing quick & easy 15.0 qne-t15 individual software", "title": "individual software qne-t15 typing quick & easy 15.0", "price": "24.99", "source": "google", "id": "http://www.google.com/base/feeds/snippets/15694563717998160100", "manufacturer": "individual software"}], [{"description": "professional and impressive!imprinted with your business name and address!guaranteed compatible with your quickbooks(r) and quickbooks for windows(r) software.neat and clean. no carbon to touch. runs easily and smoothly through your printer without ...", "title": "quickbooks(r)", "price": "103.99", "source": "google", "id": "http://www.google.com/base/feeds/snippets/18318904346969239461", "manufacturer": ""}, {"description": "professional and impressive!imprinted with your business name and address!guaranteed compatible with your quickbooks(r) and quickbooks for windows(r) software.neat and clean. no carbon to touch. runs easily and smoothly through your printer without ...", "title": "quickbooks(r)", "price": "103.99", "source": "google", "id": "http://www.google.com/base/feeds/snippets/6470779068511561136", "manufacturer": ""}], [{"description": "individual software pmm-ss3 : professor teaches office super set is all new covering all the leading microsoft applications! 50+ tutorials on 10 cd-roms or 1 dvd-rom offer the most up to date instruction from beginning to advanced features of each ...", "title": "individual software pmm-ss3 - professor teaches office super set (small box) (win 98 me 2000 xp)", "price": "27.97", "source": "google", "id": "http://www.google.com/base/feeds/snippets/5872583112916688662", "manufacturer": ""}, {"description": "individual software prm-ss3 : professor teaches office super set is all new covering all the leading microsoft applications! 50+ tutorials on 10 cd-roms or 1 dvd-rom offer the most up to date instruction from beginning to advanced features of each ...", "title": "individual software prm-ss3 - professor teaches office super set (mass merchant box) (win 98 me 2000 xp)", "price": "27.97", "source": "google", "id": "http://www.google.com/base/feeds/snippets/4208369660309054934", "manufacturer": ""}], [{"description": "windows vista ultimate offers all of the features found in windows vista home premium including windows media center windows movie maker with high-definition support and windows dvd maker. it also offers all of the features found in windows vista ...", "title": "microsoft windows vista ultimate upgrade", "price": "239.95", "source": "google", "id": "http://www.google.com/base/feeds/snippets/18372639879402584134", "manufacturer": ""}, {"description": "the most comprehensive edition of windows vista vista ultimate upgrade (dvd-rom) is the first operating system that combines all of the advanced infrastructure features of a business-focused operating system all of the management and efficiency features of a mobility-focused operating system and all of the digital entertainment features of a consumer-focused operating system. for the person who wants one operating system that is great for working from home working on the road and for entertainment windows vista ultimate is a no-compromise operating system that lets you have it all. windows sidebar gives you quick access to gadgets like picture slide shows windows media player controls or news headlines. you pick the gadgets you want to see in windows sidebar. view larger. use flip 3d to navigate through open windows using the scroll wheel on your mouse. view larger. compare windows vista editions. use instant search to quickly find the information you need. view larger. windows vista aero provides spectacular visual effects such as glass-like interface elements that you can see through. the redesigned windows media center in windows vista lets you enjoy your media throughout your home even on your xbox 360. view larger. update eligibility you can upgrade from your current edition of microsoft windows xp or windows 2000 (including windows xp professional windows xp home windows xp media center windows xp tablet pc windows xp professional x64 windows 2000) to a corresponding or better edition of windows vista by purchasing and installing this upgrade copy of windows vista. depending on which edition of windows you are running and the edition of windows vista you would like to install you have two options for the installation process: you can upgrade in-place which means you can install windows vista and retain your applications files and settings as they were in your previous edition of windows or you can do a clean install. if you are currently using windows 2000 professional or windows xp professional x64 you are eligible for an upgrade copy to a corresponding or better edition of windows vista but a clean install is required. for versions of windows earlier than windows 2000 upgrade copies are not available. these earlier versions of windows require you to install a full copy of windows vista. easier faster access to information windows vista ultimate features windows aero a new interface that delivers higher levels of efficiency for any business user. this easy-to-use interface makes it a snap to navigate through the operating system and from application to application. most importantly windows aero helps you juggle multiple tasks at once by providing a three-dimensional real-time animated view of all your open applications and documents. and for those businesses that do work in other countries windows vista ultimate supports all worldwide interface languages. breakthrough windows vista experience designed to help you feel confident in your ability to view find and organize information and to control your computing experience all editions of windows vista introduce a breakthrough user experience. the visual sophistication of windows vista helps streamline your computing experience by refining common window elements so you can better focus on the content on the screen rather than on how to access it. the desktop experience is more informative intuitive and helpful. and new tools bring better clarity to the information on your computer so you can see what your files contain without opening them find applications and files instantly navigate efficiently among open windows and use wizards and dialog boxes more confidently. work from home windows vista ultimate includes all of the features that make it easy to remotely connect to business networks. this means that when you're working from home you'll have advanced networking capabilities such as the ability to join a domain support for group policy and access to features such as remote desktop. windows vista ultimate also includes windows bitlocker drive encryption that provides improved levels of protection against theft for your important business data whether you are at home on the road or in the office. more entertainment options windows vista ultimate delivers all of the entertainment features available in windows vista home premium and includes everything you need to enjoy the latest in digital photography music movies analog tv or even hdtv. windows vista ultimate also has helpful tools such as windows photo gallery and windows movie maker to ensure that you have everything you need to collect manage and edit your digital content. it also includes windows media center for turning your pc into an all-in-one home entertainment center. versatile operation windows vista ultimate truly lives up to its name by delivering all of the features both business and home users want and need. it is the ideal solution for both a small-business owner who wants a single pc that he or she can use at the office on the road and at home and for someone who wants a home pc that will be used primarily for entertainment purposes but that can also be used for business purposes such as connecting to a corporate network.", "title": "microsoft windows vista ultimate upgrade [dvd]", "price": "259.95", "source": "amazon", "id": "b000hctyto", "manufacturer": "microsoft"}], [{"description": "choose from book and laser styles.guaranteed acceptable for bank processing. both styles are printed with your account information.carbonless deposit books are 7 7/8in. x 3 3/8in.lines for 23 check listings on each slip.1-part pack contains two ...", "title": "deposit slips", "price": "23.79", "source": "google", "id": "http://www.google.com/base/feeds/snippets/4598157020454490419", "manufacturer": ""}, {"description": "choose from book and laser styles.guaranteed acceptable for bank processing. both styles are printed with your account information.carbonless deposit books are 7 7/8in. x 3 3/8in.lines for 23 check listings on each slip.1-part pack contains two ...", "title": "deposit slips", "price": "69.99", "source": "google", "id": "http://www.google.com/base/feeds/snippets/6487534098122078010", "manufacturer": ""}], [{"description": "guaranteed to work with peachtree(r) complete iii for windows(r)!statements. get your customers to pay promptly.invoices. plenty of room for describing and listing products/services and amounts.multipurpose forms. hundreds of uses. ideal for ...", "title": "peachtree(r) complete iii", "price": "178.99", "source": "google", "id": "http://www.google.com/base/feeds/snippets/7173652045088502310", "manufacturer": ""}, {"description": "guaranteed to work with peachtree(r) complete iii for windows(r)!statements. get your customers to pay promptly.invoices. plenty of room for describing and listing products/services and amounts.multipurpose forms. hundreds of uses. ideal for ...", "title": "peachtree(r) complete iii", "price": "72.99", "source": "google", "id": "http://www.google.com/base/feeds/snippets/14832301369335122505", "manufacturer": ""}], [{"description": "address shows through to save you time!just fold your form insert and mail. the recipients address shows right through the window.sturdy 24-lb. white wove stock ensures safe arrival of the contents.quantity. comes in boxes of 500.window layouts: ...", "title": "specialty double window envelopes to match your forms & checks", "price": "67.49", "source": "google", "id": "http://www.google.com/base/feeds/snippets/14361822919446725793", "manufacturer": ""}, {"description": "address shows through to save you time!just fold your form insert and mail. the recipients address shows right through the window.sturdy 24-lb. stock ensures safe arrival of the contents.imprinted with your business name. we will imprint up to 5 ...", "title": "specialty single window envelopes to match your forms & checks", "price": "81.49", "source": "google", "id": "http://www.google.com/base/feeds/snippets/3275800275435893193", "manufacturer": ""}]]}